municipality_name,municipality_code,population_2023
Eisenstadt,10101,15729
Rust,10201,1964
Breitenbrunn am Neusiedler See,10301,1932
Donnerskirchen,10302,1844
Grosshoeflein,10303,2091
Hornstein,10304,3270
Klingenbach,10305,1280
Leithaprodersdorf,10306,1217
Moerbisch am See,10307,2218
Muellendorf,10308,1469
Neufeld an der Leitha,10309,3642
Oggau am Neusiedler See,10310,1710
Oslip,10311,1312
Purbach am Neusiedler See,10312,2984
Sankt Margarethen im Burgenland,10313,2734
Schuetzen am Gebirge,10314,1442
Siegendorf,10315,3248
Steinbrunn,10316,3069
Trausdorf an der Wulka,10317,2139
Wimpassing an der Leitha,10318,1734
Wulkaprodersdorf,10319,1952
Loretto,10320,516
Stotzing,10321,832
Zillingtal,10322,1005
Zagersdorf,10323,1147
Bocksdorf,10401,811
Burgauberg-Neudauberg,10402,1469
Eberau,10403,917
Gerersdorf-Sulz,10404,1033
Guessing,10405,3610
Guettenbach,10406,872
Heiligenbrunn,10407,741
Kukmirn,10408,2004
Neuberg im Burgenland,10409,960
Neustift bei Guessing,10410,446
Olbendorf,10411,1490
Ollersdorf im Burgenland,10412,944
Sankt Michael im Burgenland,10413,1010
Stegersbach,10414,2744
Stinatz,10415,1275
Strem,10416,921
Tobaj,10417,1388
Hackerberg,10418,373
Woerterberg,10419,534
Grossmuerbisch,10420,226
Inzenhof,10421,331
Kleinmuerbisch,10422,230
Tschanigraben,10423,68
Heugraben,10424,222
Rohr im Burgenland,10425,365
Bildein,10426,338
Rauchwart,10427,464
Moschendorf,10428,379
Deutsch Kaltenbrunn,10501,1743
Eltendorf,10502,922
Heiligenkreuz im Lafnitztal,10503,1283
Jennersdorf,10504,4143
Minihof-Liebau,10505,1041
Mogersdorf,10506,1171
Neuhaus am Klausenbach,10507,931
Rudersdorf,10508,2208
Sankt Martin an der Raab,10509,1962
Weichselbaum,10510,714
Koenigsdorf,10511,770
Muehlgraben,10512,385
Drassburg,10601,1230
Forchtenstein,10602,2777
Hirm,10603,1061
Loipersbach im Burgenland,10604,1205
Marz,10605,2080
Mattersburg,10606,7514
Neudoerfl,10607,4921
Poettelsdorf,10608,754
Poettsching,10609,3096
Rohrbach bei Mattersburg,10610,2641
Bad Sauerbrunn,10611,2311
Schattendorf,10612,2406
Sieggraben,10613,1255
Sigless,10614,1182
Wiesen,10615,2770
Antau,10616,806
Baumgarten,10617,919
Zemendorf-Stoettera,10618,1283
Krensdorf,10619,640
Andau,10701,2300
Apetlon,10702,1754
Bruckneudorf,10703,3085
Deutsch Jahrndorf,10704,645
Frauenkirchen,10705,2932
Gattendorf,10706,1469
Gols,10707,4011
Halbturn,10708,1914
Illmitz,10709,2365
Jois,10710,1631
Kittsee,10711,3630
Moenchhof,10712,2189
Neusiedl am See,10713,8917
Nickelsdorf,10714,1855
Pama,10715,1282
Pamhagen,10716,1518
Parndorf,10717,5326
Podersdorf am See,10718,2193
Sankt Andrae am Zicksee,10719,1386
Tadten,10720,1191
Wallern im Burgenland,10721,1645
Weiden am See,10722,2614
Winden am See,10723,1394
Zurndorf,10724,2279
Neudorf,10725,787
Potzneusiedl,10726,652
Edelstal,10727,804
Deutschkreutz,10801,3180
Drassmarkt,10802,1371
Frankenau-Unterpullendorf,10803,1090
Grosswarasdorf,10804,1364
Horitschon,10805,1821
Kaisersdorf,10806,599
Kobersdorf,10807,1893
Lackenbach,10808,1160
Lockenhaus,10809,2068
Lutzmannsburg,10810,825
Mannersdorf an der Rabnitz,10811,1761
Markt Sankt Martin,10812,1259
Neckenmarkt,10813,1660
Neutal,10814,1130
Nikitsch,10815,1427
Oberpullendorf,10816,3286
Pilgersdorf,10817,1595
Piringsdorf,10818,832
Raiding,10819,895
Ritzing,10820,922
Steinberg-Doerfl,10821,1299
Stoob,10822,1350
Weppersdorf,10823,1894
Lackendorf,10824,606
Unterfrauenhaid,10825,652
Unterrabnitz-Schwendgraben,10826,640
Weingraben,10827,358
Oberloisdorf,10828,806
Bad Tatzmannsdorf,10901,1647
Bernstein,10902,2141
Deutsch Schuetzen-Eisenberg,10903,1071
Grafenschachen,10904,1221
Grosspetersdorf,10905,3612
Hannersdorf,10906,744
Kemeten,10907,1549
Kohfidisch,10908,1437
Litzelsdorf,10909,1151
Loipersdorf-Kitzladen,10910,1366
Mariasdorf,10911,1155
Markt Allhau,10912,1907
Markt Neuhodis,10913,671
Mischendorf,10914,1484
Oberdorf im Burgenland,10915,1000
Oberschuetzen,10916,2471
Oberwart,10917,7998
Pinkafeld,10918,5939
Rechnitz,10919,2997
Riedlingsdorf,10920,1656
Rotenturm an der Pinka,10921,1455
Schachendorf,10922,750
Stadtschlaining,10923,1965
Unterkohlstaetten,10924,977
Unterwart,10925,973
Weiden bei Rechnitz,10926,821
Wiesfleck,10927,1187
Wolfau,10928,1516
Neustift an der Lafnitz,10929,810
Jabing,10930,732
Badersdorf,10931,288
Schandorf,10932,279
Klagenfurt am Woerthersee,20101,104332
Villach,20201,65135
Dellach,20302,1195
Hermagor-Pressegger See,20305,6951
Kirchbach,20306,2492
Koetschach-Mauthen,20307,3340
St. Stefan im Gailtal,20316,1575
Gitschtal,20320,1234
Lesachtal,20321,1264
Ebenthal in Kaernten,20402,8140
Feistritz im Rosental,20403,2539
Ferlach,20405,7340
Grafenstein,20409,3069
Keutschach am See,20412,2440
Koettmannsdorf,20414,3136
Krumpendorf am Woerthersee,20415,3488
Ludmannsdorf,20416,1798
Maria Rain,20417,2683
Maria Saal,20418,4011
Maria Woerth,20419,1626
Moosburg,20421,4550
Poertschach am Woerther See,20424,2937
Poggersdorf,20425,3277
St. Margareten im Rosental,20428,1089
Schiefling am Woerthersee,20432,2706
Techelsberg am Woerther See,20435,2274
Zell,20441,583
Magdalensberg,20442,3655
Althofen,20501,4826
Brueckl,20502,2735
Deutsch-Griffen,20503,851
Eberstein,20504,1218
Friesach,20505,4901
Gloednitz,20506,828
Gurk,20508,1187
Guttaring,20509,1504
Huettenberg,20511,1291
Kappel am Krappfeld,20512,1964
Klein St. Paul,20513,1766
Liebenfels,20515,3405
Metnitz,20518,1868
Micheldorf,20519,980
Moelbling,20520,1333
St. Georgen am Laengsee,20523,3624
St. Veit an der Glan,20527,12255
Strassburg,20530,1986
Weitensfeld im Gurktal,20531,2015
Frauenstein,20534,3555
Bad Kleinkirchheim,20601,1682
Baldramsdorf,20602,1848
Berg im Drautal,20603,1229
Dellach im Drautal,20604,1576
Grosskirchheim,20605,1321
Flattach,20607,1157
Gmuend in Kaernten,20608,2520
Greifenburg,20609,1737
Heiligenblut am Grossglockner,20610,964
Irschen,20611,1966
Kleblach-Lind,20613,1159
Lendorf,20616,1753
Mallnitz,20618,766
Malta,20619,1902
Millstatt am See,20620,3462
Moertschach,20622,834
Muehldorf,20624,1012
Oberdrauburg,20625,1203
Obervellach,20627,2206
Radenthein,20630,5777
Rangersdorf,20631,1690
Rennweg am Katschberg,20632,1705
Sachsenburg,20633,1366
Seeboden am Millstaetter See,20634,6645
Spittal an der Drau,20635,15270
Stall,20636,1476
Steinfeld,20637,2009
Trebesing,20638,1162
Weissensee,20639,769
Winklern,20640,1202
Krems in Kaernten,20642,1683
Lurnfeld,20643,2661
Reisseck,20644,2091
Afritz am See,20701,1450
Arnoldstein,20702,7042
Arriach,20703,1329
Bad Bleiberg,20705,2203
Feistritz an der Gail,20707,654
Feld am See,20708,1076
Ferndorf,20710,2032
Finkenstein am Faaker See,20711,9620
Fresach,20712,1241
Hohenthurn,20713,897
Noetsch im Gailtal,20719,2332
Paternion,20720,5779
Rosegg,20721,1887
St. Jakob im Rosental,20722,4290
Stockenboi,20723,1590
Treffen am Ossiacher See,20724,4619
Velden am Woerther See,20725,9127
Weissenstein,20726,2946
Wernberg,20727,5613
Bleiburg,20801,4103
Diex,20802,791
Eberndorf,20803,5914
Eisenkappel-Vellach,20804,2194
Feistritz ob Bleiburg,20805,2191
Gallizien,20806,1783
Globasnitz,20807,1594
Griffen,20808,3417
Neuhaus,20810,1016
Ruden,20812,1516
St. Kanzian am Klopeiner See,20813,4578
Sittersdorf,20815,1984
Voelkermarkt,20817,10977
Bad St. Leonhard im Lavanttal,20901,4289
Frantschach-St. Gertraud,20905,2472
Lavamuend,20909,2829
Preitenegg,20911,904
Reichenfels,20912,1730
St. Andrae,20913,9839
St. Georgen im Lavanttal,20914,1908
St. Paul im Lavanttal,20918,3179
Wolfsberg,20923,25133
Albeck,21001,978
Feldkirchen in Kaernten,21002,14434
Glanegg,21003,1778
Gnesau,21004,1027
Himmelberg,21005,2319
Ossiach,21006,897
Reichenau,21007,1717
St. Urban,21008,1559
Steindorf am Ossiacher See,21009,3852
Steuerberg,21010,1601
Krems an der Donau,30101,25271
St. Poelten,30201,57639
Waidhofen an der Ybbs,30301,11126
Wiener Neustadt,30401,47878
Allhartsberg,30501,2234
Amstetten,30502,23902
Ardagger,30503,3590
Aschbach-Markt,30504,3810
Behamberg,30506,3479
Biberbach,30507,2327
Ennsdorf,30508,3238
Ernsthofen,30509,2313
Ertl,30510,1249
Euratsfeld,30511,2751
Ferschnitz,30512,1856
Haag,30514,5753
Haidershofen,30515,3726
Hollenstein an der Ybbs,30516,1692
Kematen an der Ybbs,30517,2755
Neuhofen an der Ybbs,30520,3065
Neustadtl an der Donau,30521,2177
Oed-Oehling,30522,2086
Opponitz,30524,890
St. Georgen am Reith,30526,534
St. Georgen am Ybbsfelde,30527,2863
St. Pantaleon-Erla,30529,2692
St. Peter in der Au,30530,5141
St. Valentin,30531,9374
Seitenstetten,30532,3425
Sonntagberg,30533,3713
Strengberg,30534,2150
Viehdorf,30536,1370
Wallsee-Sindelburg,30538,2188
Weistrach,30539,2348
Winklarn,30541,1848
Wolfsbach,30542,2183
Ybbsitz,30543,3344
Zeillern,30544,1906
Alland,30601,2651
Altenmarkt an der Triesting,30602,2211
Bad Voeslau,30603,12396
Baden,30604,26017
Berndorf,30605,8956
Ebreichsdorf,30607,11860
Enzesfeld-Lindabrunn,30608,4226
Furth an der Triesting,30609,895
Guenselsdorf,30612,1747
Heiligenkreuz,30613,1616
Hernstein,30614,1561
Hirtenberg,30615,2607
Klausen-Leopoldsdorf,30616,1677
Kottingbrunn,30618,7468
Leobersdorf,30620,5259
Mitterndorf an der Fischa,30621,3083
Oberwaltersdorf,30623,5013
Pfaffstaetten,30625,3537
Pottendorf,30626,7491
Pottenstein,30627,2989
Reisenberg,30629,1766
Schoenau an der Triesting,30631,2118
Seibersdorf,30633,1566
Sooss,30635,1044
Tattendorf,30636,1409
Teesdorf,30637,1819
Traiskirchen,30639,19150
Trumau,30641,3757
Weissenbach an der Triesting,30645,1746
Blumau-Neurisshof,30646,1945
Au am Leithaberge,30701,968
Bad Deutsch-Altenburg,30702,1979
Berg,30703,982
Bruck an der Leitha,30704,8395
Enzersdorf an der Fischa,30706,3584
Goettlesbrunn-Arbesthal,30708,1480
Goetzendorf an der Leitha,30709,2234
Hainburg a.d. Donau,30710,6982
Haslau-Maria Ellend,30711,1995
Hoeflein,30712,1219
Hof am Leithaberge,30713,1629
Hundsheim,30715,650
Mannersdorf am Leithagebirge,30716,4219
Petronell-Carnuntum,30718,1280
Prellenkirchen,30719,1671
Rohrau,30721,1667
Scharndorf,30722,1246
Sommerein,30724,2250
Trautmannsdorf an der Leitha,30726,2955
Wolfsthal,30728,1245
Ebergassing,30729,4128
Fischamend,30730,5714
Gramatneusiedl,30731,3702
Himberg,30732,7994
Klein-Neusiedl,30733,974
Lanzendorf,30734,1942
Leopoldsdorf,30735,5448
Maria-Lanzendorf,30736,2235
Moosbrunn,30737,1809
Rauchenwarth,30738,831
Schwadorf,30739,2308
Schwechat,30740,21166
Zwoelfaxing,30741,1689
Aderklaa,30801,226
Andlersdorf,30802,154
Angern an der March,30803,3465
Auersthal,30804,1977
Bad Pirawarth,30805,1789
Deutsch-Wagram,30808,9174
Droesing,30810,1119
Duernkrut,30811,2239
Ebenthal,30812,931
Eckartsau,30813,1341
Engelhartstetten,30814,2192
Gaenserndorf,30817,12012
Glinzendorf,30819,350
Gross-Enzersdorf,30821,12043
Grosshofen,30822,102
Gross-Schweinbarth,30824,1342
Haringsee,30825,1163
Hauskirchen,30826,1295
Hohenau an der March,30827,2785
Hohenruppersdorf,30828,941
Jedenspeigen,30829,1112
Lassee,30830,2990
Leopoldsdorf im Marchfeld,30831,2946
Mannsdorf an der Donau,30834,339
Marchegg,30835,3099
Markgrafneusiedl,30836,882
Matzen-Raggendorf,30838,2891
Neusiedl an der Zaya,30841,1238
Obersiebenbrunn,30842,1764
Orth an der Donau,30844,2165
Palterndorf-Dobermannsdorf,30845,1360
Parbasdorf,30846,174
Prottes,30848,1445
Raasdorf,30849,730
Ringelsdorf-Niederabsdorf,30850,1286
Schoenkirchen-Reyersdorf,30852,2002
Spannberg,30854,988
Strasshof an der Nordbahn,30856,11786
Sulz im Weinviertel,30857,1243
Untersiebenbrunn,30858,1778
Velm-Goetzendorf,30859,781
Weikendorf,30860,2042
Zistersdorf,30863,5475
Weiden an der March,30865,1022
Amaliendorf-Aalfang,30902,1104
Brand-Nagelberg,30903,1453
Eggern,30904,678
Eisgarn,30906,701
Gmuend,30908,5173
Grossdietmanns,30909,2181
Bad Grosspertholz,30910,1316
Grossschoenau,30912,1227
Moorbad Harbach,30913,710
Haugschlag,30915,485
Heidenreichstein,30916,3811
Hirschbach,30917,581
Hoheneich,30920,1398
Kirchberg am Walde,30921,1269
Litschau,30925,2139
Reingers,30929,612
St. Martin,30932,1057
Schrems,30935,5273
Unserfrau-Altweitra,30939,995
Waldenstein,30940,1175
Weitra,30942,2601
Alberndorf im Pulkautal,31001,724
Goellersdorf,31008,3229
Grabern,31009,1741
Guntersdorf,31014,1176
Hadres,31015,1755
Hardegg,31016,1313
Haugsdorf,31018,1615
Heldenberg,31019,1462
Hohenwarth-Muehlbach a.M.,31021,1309
Hollabrunn,31022,12262
Mailberg,31025,551
Maissau,31026,1944
Nappersdorf-Kammersdorf,31028,1186
Pernersdorf,31033,1080
Pulkau,31035,1505
Ravelsbach,31036,1643
Retz,31037,4279
Retzbach,31038,1004
Schrattenthal,31041,895
Seefeld-Kadolz,31042,963
Sitzendorf an der Schmida,31043,2165
Wullersdorf,31051,2446
Zellerndorf,31052,2423
Ziersdorf,31053,3388
Altenburg,31101,842
Brunn an der Wild,31102,840
Burgschleinitz-Kuehnring,31103,1322
Drosendorf-Zissersdorf,31104,1206
Eggenburg,31105,3537
Gars am Kamp,31106,3488
Geras,31107,1281
Horn,31109,6502
Irnfritz-Messern,31110,1432
Japons,31111,694
Langau,31113,699
Meiseldorf,31114,855
Pernegg,31117,679
Roehrenbach,31119,495
Roeschitz,31120,1097
Rosenburg-Mold,31121,884
St. Bernhard-Frauenhofen,31123,1276
Sigmundsherberg,31124,1711
Weitersfeld,31129,1520
Straning-Grafenberg,31130,692
Bisamberg,31201,4886
Enzersfeld im Weinviertel,31202,1835
Ernstbrunn,31203,3303
Grossmugl,31204,1652
Grossrussbach,31205,2240
Hagenbrunn,31206,2408
Harmannsdorf,31207,4103
Hausleiten,31208,3841
Korneuburg,31213,13697
Langenzersdorf,31214,8062
Leitzersdorf,31215,1178
Leobendorf,31216,5134
Russbach,31224,1386
Sierndorf,31226,3947
Spillern,31227,2511
Stetteldorf am Wagram,31228,1073
Stetten,31229,1372
Stockerau,31230,16974
Niederhollabrunn,31234,1510
Gerasdorf bei Wien,31235,11871
Aggsbach,31301,622
Albrechtsberg an der Grossen Krems,31302,1007
Bergern im Dunkelsteinerwald,31303,1329
Duernstein,31304,792
Grafenegg,31308,3279
Furth bei Goettweig,31309,3044
Gedersdorf,31310,2136
Gfoehl,31311,3792
Hadersdorf-Kammern,31315,1981
Jaidhof,31319,1265
Krumau am Kamp,31321,749
Langenlois,31322,7582
Lengenfeld,31323,1406
Lichtenau im Waldviertel,31324,2056
Maria Laach am Jauerling,31326,910
Mautern an der Donau,31327,3418
Muehldorf,31330,1266
Paudorf,31333,2702
Rastenfeld,31336,1603
Rohrendorf bei Krems,31337,2100
Rossatz-Arnsdorf,31338,1080
St. Leonhard am Hornerwald,31340,1114
Senftenberg,31343,1929
Spitz,31344,1564
Strass im Strassertale,31346,1785
Stratzing,31347,875
Weinzierl am Walde,31350,1210
Weissenkirchen in der Wachau,31351,1405
Schoenberg am Kamp,31355,1859
Dross,31356,1016
Annaberg,31401,506
Eschenau,31402,1287
Hainfeld,31403,3830
Hohenberg,31404,1439
Kaumberg,31405,1062
Kleinzell,31406,880
Lilienfeld,31407,2630
Mitterbach am Erlaufsee,31408,465
Ramsau,31409,822
Rohrbach an der Goelsen,31410,1532
St. Aegyd am Neuwalde,31411,1798
St. Veit an der Goelsen,31412,3833
Traisen,31413,3414
Tuernitz,31414,1882
Artstetten-Poebring,31502,1260
Bergland,31503,1915
Bischofstetten,31504,1228
Blindenmarkt,31505,2780
Dorfstetten,31506,566
Dunkelsteinerwald,31507,2402
Erlauf,31508,1125
Golling an der Erlauf,31509,1470
Hofamt Priel,31511,1718
Huerm,31513,1980
Kilb,31514,2586
Kirnberg an der Mank,31515,1114
Klein-Poechlarn,31516,1087
Krummnussbaum,31517,1630
Leiben,31519,1341
Loosdorf,31520,3902
Mank,31521,3335
Marbach an der Donau,31522,1688
Maria Taferl,31523,960
Melk,31524,5594
Muenichreith-Laimbach,31525,1658
Neumarkt an der Ybbs,31527,2075
Noechling,31528,1029
Persenbeug-Gottsdorf,31530,2155
Petzenkirchen,31531,1555
Poechlarn,31533,4000
Poeggstall,31534,2402
Raxendorf,31535,1033
Ruprechtshofen,31537,2296
St. Leonhard am Forst,31539,3046
St. Martin-Karlsbach,31540,1632
St. Oswald,31541,1129
Schoenbuehel-Aggsbach,31542,932
Schollach,31543,1058
Weiten,31546,1092
Ybbs an der Donau,31549,5653
Zelking-Matzleinsdorf,31550,1245
Texingtal,31551,1694
Yspertal,31552,2030
Emmersdorf an der Donau,31553,1781
Altlichtenwarth,31601,764
Asparn an der Zaya,31603,1911
Bernhardsthal,31604,1592
Bockfliess,31605,1275
Drasenhofen,31606,1134
Falkenstein,31608,551
Fallbach,31609,801
Gaubitsch,31611,903
Gaweinstal,31612,4120
Gnadendorf,31613,1177
Grossebersdorf,31614,2313
Grossengersdorf,31615,1527
Grossharras,31616,1082
Grosskrut,31617,1709
Hausbrunn,31620,878
Herrnbaumgarten,31621,948
Hochleithen,31622,1106
Kreuttal,31627,1488
Kreuzstetten,31628,1696
Laa an der Thaya,31629,6275
Ladendorf,31630,2331
Mistelbach,31633,12025
Neudorf im Weinviertel,31634,1408
Niederleis,31636,911
Pillichsdorf,31642,1257
Poysdorf,31644,5685
Rabensburg,31645,1078
Schrattenberg,31646,856
Staatz,31649,1919
Stronsdorf,31650,1577
Ulrichskirchen-Schleinbach,31651,2679
Unterstinkenbrunn,31652,557
Wildenduernbach,31653,1551
Wilfersdorf,31654,2084
Wolkersdorf im Weinviertel,31655,7425
Ottenthal,31658,527
Achau,31701,1592
Biedermannsdorf,31702,3155
Breitenfurt bei Wien,31703,6010
Brunn am Gebirge,31704,12218
Gaaden,31706,1601
Giesshuebl,31707,2446
Gumpoldskirchen,31709,4017
Guntramsdorf,31710,9285
Hennersdorf,31711,1552
Hinterbruehl,31712,3941
Kaltenleutgeben,31713,3325
Laab im Walde,31714,1094
Laxenburg,31715,3065
Maria Enzersdorf,31716,8830
Moedling,31717,20630
Muenchendorf,31718,3188
Perchtoldsdorf,31719,14976
Voesendorf,31723,7588
Wiener Neudorf,31725,9577
Wienerwald,31726,2949
Altendorf,31801,363
Aspang-Markt,31802,1793
Aspangberg-St. Peter,31803,1906
Breitenau,31804,1566
Breitenstein,31805,298
Buchbach,31806,353
Edlitz,31807,900
Enzenreith,31808,1978
Feistritz am Wechsel,31809,1031
Gloggnitz,31810,5895
Grafenbach-St. Valentin,31811,2304
Grimmenstein,31812,1318
Gruenbach am Schneeberg,31813,1610
Kirchberg am Wechsel,31814,2494
Moenichkirchen,31815,609
Natschbach-Loipersbach,31817,1733
Neunkirchen,31818,12814
Otterthal,31820,554
Payerbach,31821,2060
Pitten,31823,2888
Prigglitz,31825,433
Puchberg am Schneeberg,31826,2721
Raach am Hochgebirge,31827,325
Reichenau an der Rax,31829,2567
St. Corona am Wechsel,31830,388
St. Egyden am Steinfeld,31831,2196
Scheiblingkirchen-Thernberg,31832,1952
Schottwien,31833,664
Schrattenbach,31834,401
Schwarzau am Steinfeld,31835,2139
Schwarzau im Gebirge,31836,630
Seebenstein,31837,1503
Semmering,31838,635
Ternitz,31839,14693
Thomasberg,31840,1241
Trattenbach,31841,523
Buerg-Voestenhof,31842,157
Warth,31843,1548
Wartmannstetten,31844,1600
Willendorf,31845,975
Wimpassing im Schwarzatale,31846,1624
Wuerflach,31847,1646
Zoebern,31848,1387
Hoeflein an der Hohen Wand,31849,890
Altlengbach,31901,3181
Asperhofen,31902,2369
Boeheimkirchen,31903,5132
Brand-Laaben,31904,1260
Eichgraben,31905,4803
Frankenfels,31906,1913
Gerersdorf,31907,1069
Hofstetten-Gruenau,31909,2725
Hafnerbach,31910,1707
Haunoldstein,31911,1228
Herzogenburg,31912,7936
Inzersdorf-Getzersdorf,31913,1701
Kapelln,31915,1358
Karlstetten,31916,2262
Kasten bei Boeheimkirchen,31917,1436
Kirchberg an der Pielach,31918,3195
Kirchstetten,31919,2272
Loich,31920,557
Maria Anzbach,31921,3290
Markersdorf-Haindorf,31922,2021
Michelbach,31923,860
Neidling,31925,1468
Neulengbach,31926,8609
Neustift-Innermanzing,31927,1593
Nussdorf ob der Traisen,31928,1907
Ober-Grafendorf,31929,4772
Obritzberg-Rust,31930,2355
Prinzersdorf,31932,1675
Pyhra,31934,3653
Rabenstein an der Pielach,31935,2514
St. Margarethen an der Sierning,31938,1057
Schwarzenbach an der Pielach,31939,354
Statzendorf,31940,1422
Stoessing,31941,848
Traismauer,31943,6474
Weinburg,31945,1380
Perschling,31946,1519
Wilhelmsburg,31947,6461
Woelbling,31948,2499
Gablitz,31949,5042
Mauerbach,31950,3590
Pressbaum,31951,7863
Purkersdorf,31952,9944
Tullnerbach,31953,2983
Wolfsgraben,31954,1789
Gaming,32001,2933
Goestling an der Ybbs,32002,2016
Gresten,32003,1991
Gresten-Land,32004,1480
Lunz am See,32005,1758
Oberndorf an der Melk,32006,2999
Puchenstuben,32007,277
Purgstall an der Erlauf,32008,5366
Randegg,32009,1868
Reinsberg,32010,1073
St. Anton an der Jessnitz,32011,1146
St. Georgen an der Leys,32012,1331
Scheibbs,32013,4237
Steinakirchen am Forst,32014,2325
Wang,32015,1370
Wieselburg,32016,4672
Wieselburg-Land,32017,3432
Wolfpassing,32018,1732
Absdorf,32101,2427
Atzenbrugg,32104,3365
Fels am Wagram,32106,2427
Grafenwoerth,32107,3291
Grossriedenthal,32109,969
Grossweikersdorf,32110,3311
Judenau-Baumgarten,32112,2359
Kirchberg am Wagram,32114,3845
Koenigsbrunn am Wagram,32115,1423
Koenigstetten,32116,2547
Langenrohr,32119,2582
Michelhausen,32120,4116
Sieghartskirchen,32131,7883
Sitzenberg-Reidling,32132,2466
Tulbing,32134,3242
Tulln an der Donau,32135,16932
Wuermla,32139,1604
Zeiselmauer-Wolfpassing,32140,2245
Zwentendorf an der Donau,32141,4181
St. Andrae-Woerdern,32142,7977
Muckendorf-Wipfing,32143,1710
Klosterneuburg,32144,28107
Dietmanns,32202,1038
Dobersberg,32203,1553
Gastern,32206,1161
Gross-Siegharts,32207,2693
Karlstein an der Thaya,32209,1472
Kautzen,32210,1080
Ludweis-Aigen,32212,882
Pfaffenschlag bei Waidhofen a.d.Thaya,32214,939
Raabs an der Thaya,32216,2656
Thaya,32217,1438
Vitis,32219,2714
Waidhofen an der Thaya,32220,5219
Waidhofen an der Thaya-Land,32221,1284
Waldkirchen an der Thaya,32222,481
Windigsteig,32223,941
Bad Fischau-Brunn,32301,3560
Bad Schoenau,32302,742
Ebenfurth,32304,3142
Eggendorf,32305,5084
Bad Erlach,32306,3222
Felixdorf,32307,4502
Gutenstein,32308,1272
Hochneukirchen-Gschaidt,32309,1633
Hochwolkersdorf,32310,1001
Hohe Wand,32311,1472
Hollenthon,32312,977
Katzelsdorf,32313,3213
Kirchschlag in der Buckligen Welt,32314,2801
Krumbach,32315,2410
Lanzenkirchen,32316,4277
Lichtenegg,32317,1057
Lichtenwoerth,32318,2893
Markt Piesting,32319,3145
Matzendorf-Hoelles,32320,2125
Miesenbach,32321,647
Muggendorf,32322,512
Pernitz,32323,2488
Rohr im Gebirge,32324,432
Bromberg,32325,1185
Schwarzenbach,32326,927
Sollenau,32327,5452
Theresienfeld,32330,4189
Waidmannsfeld,32331,1554
Waldegg,32332,2031
Walpersbach,32333,1232
Weikersdorf am Steinfelde,32334,1096
Wiesmath,32335,1546
Winzendorf-Muthmannsdorf,32336,1860
Woellersdorf-Steinabrueckl,32337,5008
Zillingdorf,32338,2167
Allentsteig,32501,1732
Arbesbach,32502,1587
Baernkopf,32503,346
Echsenbach,32504,1287
Goepfritz an der Wild,32505,1779
Grafenschlag,32506,832
Gross Gerungs,32508,4508
Grossgoettfritz,32509,1333
Gutenbrunn,32511,495
Kirchschlag,32514,617
Kottes-Purk,32515,1452
Langschlag,32516,1710
Martinsberg,32517,1065
Ottenschlag,32518,1031
Altmelon,32519,867
Poella,32520,908
Rappottenstein,32521,1742
Sallingberg,32522,1270
Schoenbach,32523,758
Schwarzenau,32524,1495
Schweiggers,32525,2051
Bad Traunstein,32528,995
Waldhausen,32529,1203
Zwettl-Niederoesterreich,32530,10702
Linz,40101,210118
Steyr,40201,37917
Wels,40301,64385
Altheim,40401,5064
Aspach,40402,2632
Auerbach,40403,814
Braunau am Inn,40404,17572
Burgkirchen,40405,2780
Eggelsberg,40406,2782
Feldkirchen bei Mattighofen,40407,2148
Franking,40408,1034
Geretsberg,40409,1169
Gilgenberg am Weilhart,40410,1355
Haigermoos,40411,631
Handenberg,40412,1337
Helpfau-Uttendorf,40413,3897
Hochburg-Ach,40414,3403
Hoehnhart,40415,1494
Jeging,40416,795
Kirchberg bei Mattighofen,40417,1246
Lengau,40418,5080
Lochen am See,40419,2968
Maria Schmolln,40420,1462
Mattighofen,40421,7398
Mauerkirchen,40422,2726
Mining,40423,1299
Moosbach,40424,1137
Moosdorf,40425,1771
Munderfing,40426,3041
Neukirchen an der Enknach,40427,2315
Ostermiething,40428,3425
Palting,40429,1182
Perwang am Grabensee,40430,1118
Pfaffstaett,40431,1255
Pischelsdorf am Engelbach,40432,1753
Polling im Innkreis,40433,1002
Rossbach,40434,891
St. Georgen am Fillmannsbach,40435,451
St. Johann am Walde,40436,2048
St. Pantaleon,40437,3231
St. Peter am Hart,40438,2495
St. Radegund,40439,657
St. Veit im Innkreis,40440,398
Schalchen,40441,4126
Schwand im Innkreis,40442,1048
Tarsdorf,40443,2130
Treubach,40444,743
ueberackern,40445,694
Weng im Innkreis,40446,1446
Alkoven,40501,6188
Aschach an der Donau,40502,2269
Eferding,40503,4296
Fraham,40504,2557
Haibach ob der Donau,40505,1284
Hartkirchen,40506,4007
Hinzenbach,40507,2068
Prambachkirchen,40508,2981
Pupping,40509,1790
St. Marienkirchen an der Polsenz,40510,2349
Scharten,40511,2358
Stroheim,40512,1673
Freistadt,40601,8180
Gruenbach,40602,1872
Gutau,40603,2789
Hagenberg im Muehlkreis,40604,2913
Hirschbach im Muehlkreis,40605,1208
Kaltenberg,40606,598
Kefermarkt,40607,2180
Koenigswiesen,40608,3107
Lasberg,40609,2886
Leopoldschlag,40610,989
Liebenau,40611,1608
Neumarkt im Muehlkreis,40612,3233
Pierbach,40613,1029
Pregarten,40614,5571
Rainbach im Muehlkreis,40615,3055
Sandl,40616,1384
St. Leonhard bei Freistadt,40617,1347
St. Oswald bei Freistadt,40618,3041
Schoenau im Muehlkreis,40619,1962
Tragwein,40620,3166
Unterweissenbach,40621,2156
Unterweitersdorf,40622,2215
Waldburg,40623,1434
Wartberg ob der Aist,40624,4452
Weitersfelden,40625,1037
Windhaag bei Freistadt,40626,1609
Bad Zell,40627,2943
Altmuenster,40701,9915
Bad Goisern am Hallstaettersee,40702,7588
Bad Ischl,40703,14228
Ebensee am Traunsee,40704,7501
Gmunden,40705,13360
Gosau,40706,1841
Gruenau im Almtal,40707,2048
Gschwandt,40708,2989
Hallstatt,40709,734
Kirchham,40710,2235
Laakirchen,40711,9813
Obertraun,40712,735
Ohlsdorf,40713,5408
Pinsdorf,40714,4332
Roitham am Traunfall,40715,2107
St. Konrad,40716,1171
St. Wolfgang im Salzkammergut,40717,2944
Traunkirchen,40718,1706
Scharnstein,40719,4955
Vorchdorf,40720,7745
Aistersheim,40801,977
Bad Schallerbach,40802,4461
Eschenau im Hausruckkreis,40804,1060
Gallspach,40805,2839
Gaspoltshofen,40806,3598
Geboltskirchen,40807,1468
Grieskirchen,40808,5104
Haag am Hausruck,40809,2266
Heiligenberg,40810,717
Hofkirchen an der Trattnach,40811,1728
Kallham,40812,2483
Kematen am Innbach,40813,1429
Meggenhofen,40814,1566
Michaelnbach,40815,1301
Natternbach,40816,2281
Neukirchen am Walde,40817,1647
Neumarkt im Hausruckkreis,40818,1534
Poetting,40820,566
Pollham,40821,1004
Pram,40822,1775
Rottenbach,40823,1132
St. Agatha,40824,2153
St. Georgen bei Grieskirchen,40825,1340
St. Thomas,40826,571
Schluesslberg,40827,3081
Steegen,40828,1102
Taufkirchen an der Trattnach,40829,1958
Tollet,40830,936
Waizenkirchen,40831,3803
Wallern an der Trattnach,40832,3144
Weibern,40833,1694
Wendling,40834,888
Peuerbach,40835,4697
Edlbach,40901,657
Gruenburg,40902,3883
Hinterstoder,40903,879
Inzersdorf im Kremstal,40904,1918
Kirchdorf an der Krems,40905,4931
Klaus an der Pyhrnbahn,40906,1120
Kremsmuenster,40907,6863
Micheldorf in Oberoesterreich,40908,6012
Molln,40909,3696
Nussbach,40910,2310
Oberschlierbach,40911,478
Pettenbach,40912,5411
Ried im Traunkreis,40913,2962
Rosenau am Hengstpass,40914,640
Rossleithen,40915,1843
St. Pankraz,40916,355
Schlierbach,40917,2902
Spital am Pyhrn,40918,2243
Steinbach am Ziehberg,40919,869
Steinbach an der Steyr,40920,1971
Vorderstoder,40921,840
Wartberg an der Krems,40922,2957
Windischgarsten,40923,2379
Allhaming,41001,1236
Ansfelden,41002,18145
Asten,41003,6853
Eggendorf im Traunkreis,41004,1154
Enns,41005,12176
Hargelsberg,41006,1453
Hoersching,41007,6648
Hofkirchen im Traunkreis,41008,2071
Kematen an der Krems,41009,3093
Kirchberg-Thening,41010,2576
Kronstorf,41011,3571
Leonding,41012,29129
St. Florian,41013,6379
Neuhofen an der Krems,41014,6872
Niederneukirchen,41015,2121
Oftering,41016,2141
Pasching,41017,7650
Piberbach,41018,1938
Pucking,41019,4196
St. Marien,41020,4989
Traun,41021,25006
Wilhering,41022,6044
Allerheiligen im Muehlkreis,41101,1259
Arbing,41102,1549
Baumgartenberg,41103,1853
Dimbach,41104,1006
Grein,41105,2934
Katsdorf,41106,3289
Klam,41107,965
Bad Kreuzen,41108,2375
Langenstein,41109,2590
Luftenberg an der Donau,41110,4325
Mauthausen,41111,4899
Mitterkirchen im Machland,41112,1782
Muenzbach,41113,1871
Naarn im Machlande,41114,3837
Pabneukirchen,41115,1687
Perg,41116,9306
Rechberg,41117,1029
Ried in der Riedmark,41118,4367
St. Georgen am Walde,41119,1957
St. Georgen an der Gusen,41120,4424
St. Nikola an der Donau,41121,795
St. Thomas am Blasenstein,41122,934
Saxen,41123,1686
Schwertberg,41124,5422
Waldhausen im Strudengau,41125,2853
Windhaag bei Perg,41126,1522
Andrichsfurt,41201,774
Antiesenhofen,41202,1090
Aurolzmuenster,41203,3201
Eberschwang,41204,3475
Eitzing,41205,903
Geiersberg,41206,498
Geinberg,41207,1454
Gurten,41208,1210
Hohenzell,41209,2326
Kirchdorf am Inn,41210,660
Kirchheim im Innkreis,41211,802
Lambrechten,41212,1285
Lohnsburg am Kobernausserwald,41213,2209
Mehrnbach,41214,2379
Mettmach,41215,2420
Moerschwang,41216,335
Muehlheim am Inn,41217,685
Neuhofen im Innkreis,41218,2512
Obernberg am Inn,41219,1703
Ort im Innkreis,41220,1365
Pattigham,41221,1085
Peterskirchen,41222,667
Pramet,41223,1022
Reichersberg,41224,1619
Ried im Innkreis,41225,12482
St. Georgen bei Obernberg am Inn,41226,556
St. Marienkirchen am Hausruck,41227,903
St. Martin im Innkreis,41228,2187
Schildorn,41229,1235
Senftenbach,41230,783
Taiskirchen im Innkreis,41231,2411
Tumeltsham,41232,1593
Utzenaich,41233,1654
Waldzell,41234,2300
Weilbach,41235,611
Wippenham,41236,555
Altenfelden,41304,2276
Arnreit,41305,1185
Atzesberg,41306,453
Auberg,41307,594
Haslach an der Muehl,41309,2600
Hoerbich,41311,424
Hofkirchen im Muehlkreis,41312,1549
Julbach,41313,1546
Kirchberg ob der Donau,41314,1078
Klaffer am Hochficht,41315,1344
Kleinzell im Muehlkreis,41316,1720
Kollerschlag,41317,1539
Lembach im Muehlkreis,41318,1525
Lichtenau im Muehlkreis,41319,482
Nebelberg,41320,649
Neufelden,41321,1203
Niederkappel,41322,991
Niederwaldkirchen,41323,1860
Oberkappel,41324,764
Oepping,41325,1545
Peilstein im Muehlviertel,41326,1574
Pfarrkirchen im Muehlkreis,41327,1416
Putzleinsdorf,41328,1550
Neustift im Muehlkreis,41329,1478
St. Johann am Wimberg,41331,1021
St. Martin im Muehlkreis,41332,3812
St. Oswald bei Haslach,41333,515
St. Peter am Wimberg,41334,1712
St. Ulrich im Muehlkreis,41336,690
St. Veit im Muehlkreis,41337,1320
Sarleinsbach,41338,2238
Schwarzenberg am Boehmerwald,41341,575
Ulrichsberg,41342,2876
Aigen-Schlaegl,41343,3225
Rohrbach-Berg,41344,5239
Helfenberg,41345,1594
St. Stefan-Afiesl,41346,1110
Altschwendt,41401,714
Andorf,41402,5176
Brunnenthal,41403,2071
Diersbach,41404,1532
Dorf an der Pram,41405,1101
Eggerding,41406,1386
Engelhartszell,41407,940
Enzenkirchen,41408,1807
Esternberg,41409,2855
Freinberg,41410,1475
Kopfing im Innkreis,41411,1973
Mayrhof,41412,325
Muenzkirchen,41413,2557
Raab,41414,2345
Rainbach im Innkreis,41415,1549
Riedau,41416,2045
St. Aegidi,41417,1576
St. Florian am Inn,41418,3187
St. Marienkirchen bei Schaerding,41419,2001
St. Roman,41420,1784
St. Willibald,41421,1102
Schaerding,41422,5351
Schardenberg,41423,2493
Sigharting,41424,873
Suben,41425,1584
Taufkirchen an der Pram,41426,2920
Vichtenstein,41427,623
Waldkirchen am Wesen,41428,1156
Wernstein am Inn,41429,1549
Zell an der Pram,41430,2011
Adlwang,41501,2089
Aschach an der Steyr,41502,2265
Bad Hall,41503,5746
Dietach,41504,3410
Gaflenz,41505,1977
Garsten,41506,6690
Grossraming,41507,2654
Laussa,41508,1229
Losenstein,41509,1644
Maria Neustift,41510,1631
Pfarrkirchen bei Bad Hall,41511,2356
Reichraming,41512,1689
Rohr im Kremstal,41513,1495
St. Ulrich bei Steyr,41514,3168
Schiedlberg,41515,1292
Sierning,41516,9722
Ternberg,41517,3389
Waldneukirchen,41518,2205
Wolfern,41521,3372
Weyer,41522,4040
Alberndorf in der Riedmark,41601,4219
Altenberg bei Linz,41602,4740
Bad Leonfelden,41603,4404
Eidenberg,41604,2146
Engerwitzdorf,41605,9092
Feldkirchen an der Donau,41606,5504
Gallneukirchen,41607,6643
Goldwoerth,41608,775
Gramastetten,41609,5095
Haibach im Muehlkreis,41610,939
Hellmonsoedt,41611,2371
Herzogsdorf,41612,2725
Kirchschlag bei Linz,41613,2224
Lichtenberg,41614,2855
Oberneukirchen,41615,3246
Ottenschlag im Muehlkreis,41616,562
Ottensheim,41617,4771
Puchenau,41618,4652
Reichenau im Muehlkreis,41619,1338
Reichenthal,41620,1516
St. Gotthard im Muehlkreis,41621,1318
Schenkenfelden,41622,1650
Sonnberg im Muehlkreis,41623,1106
Steyregg,41624,5107
Walding,41626,4343
Zwettl an der Rodl,41627,1785
Vorderweissenbach,41628,2742
Ampflwang im Hausruckwald,41701,3367
Attersee am Attersee,41702,1634
Attnang-Puchheim,41703,9201
Atzbach,41704,1262
Aurach am Hongar,41705,1850
Berg im Attergau,41706,1138
Desselbrunn,41707,1905
Fornach,41708,1007
Frankenburg am Hausruck,41709,5202
Frankenmarkt,41710,3804
Gampern,41711,3125
Innerschwand am Mondsee,41712,1262
Lenzing,41713,5226
Manning,41714,778
Mondsee,41715,4123
Neukirchen an der Voeckla,41716,2630
Niederthalheim,41717,1137
Nussdorf am Attersee,41718,1139
Oberhofen am Irrsee,41719,1733
Oberndorf bei Schwanenstadt,41720,1383
Oberwang,41721,1774
Ottnang am Hausruck,41722,4068
Pfaffing,41723,1541
Pilsbach,41724,637
Pitzenberg,41725,575
Poendorf,41726,2421
Puchkirchen am Trattberg,41727,1108
Puehret,41728,640
Redleiten,41729,538
Redlham,41730,1639
Regau,41731,7021
Ruestorf,41732,2303
Rutzenham,41733,299
St. Georgen im Attergau,41734,4701
St. Lorenz,41735,2612
Schlatt,41736,1432
Schoerfling am Attersee,41737,3491
Schwanenstadt,41738,4649
Seewalchen am Attersee,41739,5761
Steinbach am Attersee,41740,907
Strass im Attergau,41741,1540
Tiefgraben,41742,4103
Timelkam,41743,6010
Ungenach,41744,1475
Unterach am Attersee,41745,1539
Voecklabruck,41746,12769
Voecklamarkt,41747,5177
Weissenkirchen im Attergau,41748,966
Weyregg am Attersee,41749,1582
Wolfsegg am Hausruck,41750,1999
Zell am Moos,41751,1672
Zell am Pettenfirst,41752,1246
Aichkirchen,41801,642
Bachmanning,41802,722
Bad Wimsbach-Neydharting,41803,2550
Buchkirchen,41804,4067
Eberstalzell,41805,2898
Edt bei Lambach,41806,2351
Fischlham,41807,1347
Gunskirchen,41808,6532
Holzhausen,41809,1013
Krenglbach,41810,3238
Lambach,41811,3888
Marchtrenk,41812,14603
Neukirchen bei Lambach,41813,962
Offenhausen,41814,1732
Pennewang,41815,1013
Pichl bei Wels,41816,2950
Sattledt,41817,2712
Schleissheim,41818,1409
Sipbachzell,41819,2263
Stadl-Paura,41820,5083
Steinerkirchen an der Traun,41821,2476
Steinhaus,41822,2602
Thalheim bei Wels,41823,5530
Weisskirchen an der Traun,41824,3547
Salzburg,50101,156619
Abtenau,50201,6003
Adnet,50202,3680
Annaberg-Lungoetz,50203,2209
Golling an der Salzach,50204,4397
Hallein,50205,21523
Krispl,50206,873
Kuchl,50207,7475
Oberalm,50208,4381
Puch bei Hallein,50209,4965
Russbach am Pass Gschuett,50210,783
St. Koloman,50211,1801
Scheffau am Tennengebirge,50212,1421
Bad Vigaun,50213,2149
Anif,50301,4286
Anthering,50302,3748
Bergheim,50303,5855
Berndorf bei Salzburg,50304,1744
Buermoos,50305,5027
Dorfbeuern,50306,1621
Ebenau,50307,1434
Elixhausen,50308,3128
Elsbethen,50309,5507
Eugendorf,50310,7199
Faistenau,50311,3100
Fuschl am See,50312,1659
Goeming,50313,761
Groedig,50314,7408
Grossgmain,50315,2614
Hallwang,50316,4235
Henndorf am Wallersee,50317,5078
Hintersee,50318,470
Hof bei Salzburg,50319,3630
Koestendorf,50320,2678
Koppl,50321,3679
Lamprechtshausen,50322,4078
Mattsee,50323,3499
Neumarkt am Wallersee,50324,6626
Nussdorf am Haunsberg,50325,2535
Oberndorf bei Salzburg,50326,6058
Obertrum am See,50327,4958
Plainfeld,50328,1305
St. Georgen bei Salzburg,50329,3081
St. Gilgen,50330,4076
Schleedorf,50331,1148
Seeham,50332,2004
Strasswalchen,50335,8011
Strobl,50336,3691
Thalgau,50337,6030
Wals-Siezenheim,50338,14246
Seekirchen am Wallersee,50339,11233
Altenmarkt im Pongau,50401,4691
Bad Hofgastein,50402,6775
Bad Gastein,50403,3976
Bischofshofen,50404,10658
Dorfgastein,50405,1726
Eben im Pongau,50406,2622
Filzmoos,50407,1505
Flachau,50408,3050
Forstau,50409,554
Goldegg,50410,2647
Grossarl,50411,3784
Huettau,50412,1490
Huettschlag,50413,903
Kleinarl,50414,812
Muehlbach am Hochkoenig,50415,1400
Pfarrwerfen,50416,2535
Radstadt,50417,4947
St. Johann im Pongau,50418,11452
St. Martin am Tennengebirge,50419,1784
St. Veit im Pongau,50420,3907
Schwarzach im Pongau,50421,3520
Untertauern,50422,458
Wagrain,50423,3181
Werfen,50424,3089
Werfenweng,50425,1099
Goeriach,50501,345
Lessach,50502,547
Mariapfarr,50503,2475
Mauterndorf,50504,1609
Muhr,50505,489
Ramingstein,50506,1040
St. Andrae im Lungau,50507,748
St. Margarethen im Lungau,50508,761
St. Michael im Lungau,50509,3539
Tamsweg,50510,5757
Thomatal,50511,356
Tweng,50512,239
Unternberg,50513,1043
Weisspriach,50514,307
Zederhaus,50515,1182
Bramberg am Wildkogel,50601,4031
Bruck an der Grossglocknerstrasse,50602,4990
Dienten am Hochkoenig,50603,720
Fusch an der Grossglocknerstrasse,50604,741
Hollersbach im Pinzgau,50605,1234
Kaprun,50606,3129
Krimml,50607,815
Lend,50608,1261
Leogang,50609,3533
Lofer,50610,2103
Maishofen,50611,3666
Maria Alm am Steinernen Meer,50612,2245
Mittersill,50613,5804
Neukirchen am Grossvenediger,50614,2661
Niedernsill,50615,2810
Piesendorf,50616,3851
Rauris,50617,3095
Saalbach-Hinterglemm,50618,2881
Saalfelden am Steinernen Meer,50619,17123
St. Martin bei Lofer,50620,1210
Stuhlfelden,50621,1546
Taxenbach,50622,2761
Unken,50623,2016
Uttendorf,50624,3051
Viehhofen,50625,581
Wald im Pinzgau,50626,1149
Weissbach bei Lofer,50627,405
Zell am See,50628,10213
Graz,60101,298479
Frauental an der Lassnitz,60305,3135
Lannach,60318,3649
Poelfing-Brunn,60323,1591
Preding,60324,1900
Sankt Josef (Weststeiermark),60326,1714
Sankt Peter im Sulmtal,60329,1274
Wettmannstaetten,60341,1660
Deutschlandsberg,60344,11721
Eibiswald,60345,6309
Gross Sankt Florian,60346,4092
Sankt Martin im Sulmtal,60347,3024
Sankt Stefan ob Stainz,60348,3622
Bad Schwanberg,60349,4472
Stainz,60350,8675
Wies,60351,4283
Feldkirchen bei Graz,60608,7261
Goessendorf,60611,4177
Gratkorn,60613,8370
Hart bei Graz,60617,5436
Haselsdorf-Tobelbad,60618,1607
Hausmannstaetten,60619,3783
Kainbach bei Graz,60623,2838
Kalsdorf bei Graz,60624,8308
Kumberg,60626,3960
Lassnitzhoehe,60628,2830
Lieboch,60629,5504
Peggau,60632,2414
Sankt Bartholomae,60639,1489
Sankt Oswald bei Plankenwarth,60641,1270
Sankt Radegund bei Graz,60642,2162
Semriach,60645,3209
Stattegg,60646,3019
Stiwoll,60647,707
Thal,60648,2455
uebelbach,60651,2093
Vasoldsberg,60653,4765
Weinitzen,60654,2712
Werndorf,60655,2768
Wundschuh,60656,1681
Deutschfeistritz,60659,4512
Dobl-Zwaring,60660,3783
Eggersdorf bei Graz,60661,7193
Fernitz-Mellach,60662,4926
Frohnleiten,60663,6633
Gratwein-Strassengel,60664,12770
Hitzendorf,60665,7336
Nestelbach bei Graz,60666,2766
Raaba-Grambach,60667,4948
Sankt Marein bei Graz,60668,3749
Seiersberg-Pirka,60669,12112
Premstaetten,60670,6862
Allerheiligen bei Wildon,61001,1597
Arnfels,61002,974
Empersdorf,61007,1412
Gabersdorf,61008,1294
Gralla,61012,2854
Grossklein,61013,2247
Heimschuh,61016,1988
Hengsberg,61017,1493
Kitzeck im Sausal,61019,1174
Lang,61020,1372
Lebring-Sankt Margarethen,61021,2246
Oberhaag,61024,2079
Ragnitz,61027,1560
Sankt Andrae-Hoech,61030,1713
Sankt Johann im Saggautal,61032,1984
Sankt Nikolai im Sausal,61033,2310
Tillmitsch,61043,3747
Wagna,61045,6475
Ehrenhausen an der Weinstrasse,61049,2453
Gamlitz,61050,3212
Gleinstaetten,61051,2806
Heiligenkreuz am Waasen,61052,2888
Leibnitz,61053,13014
Leutschach an der Weinstrasse,61054,3543
Sankt Georgen an der Stiefing,61055,1591
Schwarzautal,61057,2332
Wildon,61059,5738
Sankt Veit in der Suedsteiermark,61060,4489
Strass in Steiermark,61061,6406
Eisenerz,61101,3501
Kalwang,61105,986
Kammern im Liesingtal,61106,1677
Kraubath an der Mur,61107,1354
Leoben,61108,25140
Mautern in Steiermark,61109,1695
Niklasdorf,61110,2331
Proleb,61111,1585
Radmer,61112,498
Sankt Michael in Obersteiermark,61113,3116
Sankt Peter-Freienstein,61114,2329
Sankt Stefan ob Leoben,61115,1823
Traboch,61116,1413
Vordernberg,61118,953
Wald am Schoberpass,61119,540
Trofaiach,61120,11003
Aigen im Ennstal,61203,2696
Altaussee,61204,1865
Altenmarkt bei Sankt Gallen,61205,794
Ardning,61206,1283
Bad Aussee,61207,5016
Groebming,61213,3144
Grundlsee,61215,1156
Haus,61217,2429
Lassing,61222,1698
Ramsau am Dachstein,61236,2917
Selzthal,61243,1502
Trieben,61247,3312
Wildalpen,61251,437
Woerschach,61252,1174
Admont,61253,4991
Aich,61254,1306
Bad Mitterndorf,61255,4946
Gaishorn am See,61256,1356
Irdning-Donnersbachtal,61257,4142
Landl,61258,2557
Liezen,61259,8251
Michaelerberg-Pruggern,61260,1227
Mitterberg-Sankt Martin,61261,1946
oeblarn,61262,1966
Rottenmann,61263,5118
Sankt Gallen,61264,1801
Schladming,61265,6553
Soelk,61266,1475
Stainach-Puergg,61267,2773
Muehlen,61410,868
Niederwoelz,61413,601
St. Peter am Kammersberg,61425,1993
Schoeder,61428,884
Krakau,61437,1365
Murau,61438,3448
Neumarkt in der Steiermark,61439,4920
Oberwoelz,61440,2959
Ranten,61441,1125
Sankt Georgen am Kreischberg,61442,1694
Sankt Lambrecht,61443,1827
Scheifling,61444,2158
Stadl-Predlitz,61445,1643
Teufenbach-Katsch,61446,1829
Krottendorf-Gaisfeld,61611,2473
Ligist,61612,3245
Mooskirchen,61615,2194
Rosental an der Kainach,61618,1666
Sankt Martin am Woellmissberg,61621,808
Stallhofen,61624,3193
Voitsberg,61625,9538
Baernbach,61626,5775
Edelschrott,61627,1634
Geistthal-Soedingberg,61628,1457
Hirschegg-Pack,61629,1006
Kainach bei Voitsberg,61630,1589
Koeflach,61631,9639
Maria Lankowitz,61632,2750
Soeding-Sankt Johann,61633,4272
Albersdorf-Prebuch,61701,2295
Fischbach,61708,1511
Floing,61710,1220
Gasen,61711,861
Markt Hartmannsdorf,61716,2966
Hofstaetten an der Raab,61719,2380
Ludersdorf-Wilfersdorf,61727,2543
Miesenbach bei Birkfeld,61728,661
Mitterdorf an der Raab,61729,2156
Mortantsch,61730,2268
Naas,61731,1359
Puch bei Weiz,61740,2042
Ratten,61741,1093
Rettenegg,61743,689
St. Kathrein am Hauenstein,61744,627
Sankt Kathrein am Offenegg,61745,1062
St. Margarethen an der Raab,61746,4212
Sinabelkirchen,61748,4487
Strallegg,61750,1903
Thannhausen,61751,2492
Anger,61756,4029
Birkfeld,61757,4984
Fladnitz an der Teichalm,61758,1803
Gersdorf an der Feistritz,61759,1754
Gleisdorf,61760,11362
Gutenberg,61761,1636
Ilztal,61762,2187
Passail,61763,4417
Pischelsdorf am Kulm,61764,3749
Sankt Ruprecht an der Raab,61765,5673
Weiz,61766,11952
Fohnsdorf,62007,7566
Gaal,62008,1329
Hohentauern,62010,382
Kobenz,62014,1970
Pusterwald,62021,433
Sankt Georgen ob Judenburg,62026,842
Sankt Peter ob Judenburg,62032,1125
Seckau,62034,1327
Unzmarkt-Frauenburg,62036,1272
Zeltweg,62038,7114
Lobmingtal,62039,1830
Judenburg,62040,9614
Knittelfeld,62041,12781
Obdach,62042,3781
Poels-Oberkurzheim,62043,2868
Poelstal,62044,2568
Sankt Marein-Feistritz,62045,2032
Sankt Margarethen bei Knittelfeld,62046,2650
Spielberg,62047,5348
Weisskirchen in Steiermark,62048,4825
Breitenau am Hochlantsch,62105,1597
Krieglach,62115,5403
Langenwang,62116,3872
Pernegg an der Mur,62125,2548
Sankt Lorenzen im Muerztal,62128,3784
Spital am Semmering,62131,1783
Stanz im Muerztal,62132,1807
Turnau,62135,1556
Aflenz,62138,2431
Bruck an der Mur,62139,15970
Kapfenberg,62140,22182
Kindberg,62141,8183
Mariazell,62142,3718
Muerzzuschlag,62143,8047
Neuberg an der Muerz,62144,2334
Sankt Barbara im Muerztal,62145,6518
Sankt Marein im Muerztal,62146,2816
Thoerl,62147,2200
Tragoess-Sankt Katharein,62148,1785
Bad Blumau,62202,1637
Buch-St. Magdalena,62205,2183
Burgau,62206,1083
Ebersdorf,62209,1282
Friedberg,62211,2643
Greinbach,62214,1871
Grosssteinbach,62216,1306
Hartberg,62219,6764
Hartberg Umgebung,62220,2237
Lafnitz,62226,1487
Ottendorf an der Rittschein,62232,1596
Pinggau,62233,3128
Poellauberg,62235,2011
Sankt Jakob im Walde,62242,1008
Sankt Johann in der Haide,62244,2251
Sankt Lorenzen am Wechsel,62245,1420
Schaeffern,62247,1346
Soechau,62252,1468
Stubenberg,62256,2244
Wenigzell,62262,1403
Bad Waltersdorf,62264,3897
Dechantskirchen,62265,2005
Feistritztal,62266,2380
Fuerstenfeld,62267,8848
Grafendorf bei Hartberg,62268,3235
Grosswilfersdorf,62269,2137
Hartl,62270,2123
Ilz,62271,3754
Kaindorf,62272,3022
Bad Loipersdorf,62273,1831
Neudau,62274,1536
Poellau,62275,5958
Rohr bei Hartberg,62276,1415
Rohrbach an der Lafnitz,62277,2640
Vorau,62278,4660
Waldbach-Moenichwald,62279,1406
Edelsbach bei Feldbach,62311,1346
Eichkoegl,62314,1385
Halbenrain,62326,1676
Jagerberg,62330,1629
Kapfenstein,62332,1528
Kloech,62335,1158
Mettersdorf am Sassbach,62343,1333
Tieschen,62368,1227
Unterlamm,62372,1242
Bad Gleichenberg,62375,5303
Bad Radkersburg,62376,3235
Deutsch Goritz,62377,1789
Fehring,62378,7245
Feldbach,62379,13421
Gnas,62380,5980
Kirchbach-Zerlach,62381,3203
Kirchberg an der Raab,62382,4588
Mureck,62383,3494
Paldau,62384,3136
Pirching am Traubenberg,62385,2557
Riegersburg,62386,5041
Sankt Anna am Aigen,62387,2381
Sankt Peter am Ottersbach,62388,2913
Sankt Stefan im Rosental,62389,3812
Straden,62390,3470
Innsbruck,70101,131358
Arzl im Pitztal,70201,3143
Haiming,70202,4885
Imst,70203,11135
Imsterberg,70204,823
Jerzens,70205,931
Karres,70206,644
Karroesten,70207,706
Laengenfeld,70208,4893
Mieming,70209,3954
Mils bei Imst,70210,655
Moetz,70211,1361
Nassereith,70212,2223
Obsteig,70213,1528
Oetz,70214,2380
Rietz,70215,2497
Roppen,70216,1907
St. Leonhard im Pitztal,70217,1454
Sautens,70218,1598
Silz,70219,2605
Soelden,70220,3087
Stams,70221,1583
Tarrenz,70222,2842
Umhausen,70223,3454
Wenns,70224,2155
Absam,70301,7329
Aldrans,70302,2804
Ampass,70303,1858
Axams,70304,6251
Baumkirchen,70305,1290
Birgitz,70306,1510
Ellboegen,70307,1154
Flaurling,70308,1304
Fritzens,70309,2186
Fulpmes,70310,4560
Gnadenwald,70311,856
Goetzens,70312,4143
Gries am Brenner,70313,1342
Gries im Sellrain,70314,630
Grinzens,70315,1471
Gschnitz,70317,452
Hatting,70318,1509
Inzing,70319,4018
Kematen in Tirol,70320,3229
Kolsass,70322,1659
Kolsassberg,70323,843
Lans,70325,1167
Leutasch,70326,2507
Mieders,70328,1993
Mils,70329,4616
Mutters,70331,2285
Natters,70332,2098
Navis,70333,2048
Neustift im Stubaital,70334,5012
Oberhofen im Inntal,70335,1890
Obernberg am Brenner,70336,400
Oberperfuss,70337,3085
Patsch,70338,1136
Pettnau,70339,1103
Pfaffenhofen,70340,1285
Polling in Tirol,70342,1367
Ranggen,70343,1125
Reith bei Seefeld,70344,1554
Rinn,70345,1937
Rum,70346,9381
St. Sigmund im Sellrain,70347,187
Scharnitz,70348,1440
Schmirn,70349,874
Schoenberg im Stubaital,70350,1084
Seefeld in Tirol,70351,3596
Sellrain,70352,1336
Sistrans,70353,2285
Hall in Tirol,70354,14418
Steinach am Brenner,70355,3684
Telfes im Stubai,70356,1616
Telfs,70357,16271
Thaur,70358,4300
Trins,70359,1372
Tulfes,70360,1696
Unterperfuss,70361,238
Vals,70362,525
Voels,70364,7186
Volders,70365,4530
Wattenberg,70366,778
Wattens,70367,8173
Wildermieming,70368,996
Zirl,70369,8224
Matrei am Brenner,70370,3545
Aurach bei Kitzbuehel,70401,1135
Brixen im Thale,70402,2681
Fieberbrunn,70403,4581
Going am Wilden Kaiser,70404,1946
Hochfilzen,70405,1296
Hopfgarten im Brixental,70406,5755
Itter,70407,1183
Jochberg,70408,1516
Kirchberg in Tirol,70409,5304
Kirchdorf in Tirol,70410,4077
Kitzbuehel,70411,8289
Koessen,70412,4529
Oberndorf in Tirol,70413,2407
Reith bei Kitzbuehel,70414,1736
St. Jakob in Haus,70415,824
St. Johann in Tirol,70416,9885
St. Ulrich am Pillersee,70417,1969
Schwendt,70418,915
Waidring,70419,2071
Westendorf,70420,3671
Alpbach,70501,2572
Angath,70502,1023
Bad Haering,70503,2970
Brandenberg,70504,1564
Breitenbach am Inn,70505,3515
Brixlegg,70506,3059
Ebbs,70508,5874
Ellmau,70509,2896
Erl,70510,1604
Kirchbichl,70511,5983
Kramsach,70512,5041
Kufstein,70513,19930
Kundl,70514,4891
Langkampfen,70515,4241
Mariastein,70516,452
Muenster,70517,3559
Niederndorf,70518,2881
Niederndorferberg,70519,735
Radfeld,70520,2564
Rattenberg,70521,459
Reith im Alpbachtal,70522,2797
Rettenschoess,70523,573
Scheffau am Wilden Kaiser,70524,1585
Schwoich,70525,2593
Soell,70526,3740
Thiersee,70527,3162
Angerberg,70528,1933
Walchsee,70529,2149
Wildschoenau,70530,4342
Woergl,70531,14403
Faggen,70601,389
Fendels,70602,283
Fiss,70603,1072
Fliess,70604,3134
Flirsch,70605,1045
Galtuer,70606,791
Grins,70607,1357
Ischgl,70608,1619
Kappl,70609,2545
Kaunerberg,70610,453
Kaunertal,70611,635
Kauns,70612,535
Ladis,70613,545
Landeck,70614,7579
Nauders,70615,1570
Pettneu am Arlberg,70616,1474
Pfunds,70617,2605
Pians,70618,787
Prutz,70619,1877
Ried im Oberinntal,70620,1320
St. Anton am Arlberg,70621,2362
Schoenwies,70622,1753
See,70623,1233
Serfaus,70624,1186
Spiss,70625,103
Stanz bei Landeck,70626,576
Strengen,70627,1226
Tobadill,70628,504
Toesens,70629,759
Zams,70630,3613
Abfaltersbach,70701,646
Ainet,70702,919
Amlach,70703,519
Anras,70704,1225
Assling,70705,1757
Ausservillgraten,70706,731
Doelsach,70707,2311
Gaimberg,70708,880
Hopfgarten in Defereggen,70709,666
Innervillgraten,70710,900
Iselsberg-Stronach,70711,609
Kals am Grossglockner,70712,1113
Kartitsch,70713,755
Lavant,70714,343
Leisach,70715,708
Lienz,70716,11990
Matrei in Osttirol,70717,4614
Nikolsdorf,70718,879
Nussdorf-Debant,70719,3410
Oberlienz,70720,1477
Obertilliach,70721,672
Praegraten am Grossvenediger,70723,1134
St. Jakob in Defereggen,70724,813
St. Johann im Walde,70725,304
St. Veit in Defereggen,70726,628
Schlaiten,70727,452
Sillian,70728,2022
Strassen,70729,800
Thurn,70731,627
Tristach,70732,1526
Untertilliach,70733,211
Virgen,70734,2205
Heinfels,70735,1008
Bach,70801,653
Berwang,70802,630
Biberwier,70803,660
Bichlbach,70804,755
Breitenwang,70805,1469
Ehenbichl,70806,828
Ehrwald,70807,2606
Elbigenalp,70808,901
Elmen,70809,391
Forchach,70810,245
Graen,70811,621
Gramais,70812,40
Haeselgehr,70813,675
Heiterwang,70814,539
Hinterhornbach,70815,93
Hoefen,70816,1274
Holzgau,70817,387
Jungholz,70818,291
Kaisers,70819,73
Lechaschau,70820,2085
Lermoos,70821,1146
Musau,70822,384
Namlos,70823,59
Nesselwaengle,70824,459
Pfafflar,70825,93
Pflach,70826,1606
Pinswang,70827,418
Reutte,70828,7163
Schattwald,70829,455
Stanzach,70830,517
Steeg,70831,661
Tannheim,70832,1163
Vils,70833,1507
Vorderhornbach,70834,268
Waengle,70835,979
Weissenbach am Lech,70836,1266
Zoeblen,70837,247
Achenkirch,70901,2260
Aschau im Zillertal,70902,1878
Brandberg,70903,379
Bruck am Ziller,70904,1121
Buch in Tirol,70905,2596
Eben am Achensee,70907,3495
Finkenberg,70908,1438
Fuegen,70909,4315
Fuegenberg,70910,1510
Gallzein,70911,711
Gerlos,70912,803
Gerlosberg,70913,486
Hainzenberg,70914,729
Hart im Zillertal,70915,1632
Hippach,70916,1459
Jenbach,70917,7492
Kaltenbach,70918,1315
Mayrhofen,70920,3954
Pill,70921,1252
Ramsau im Zillertal,70922,1715
Ried im Zillertal,70923,1277
Rohrberg,70924,570
Schlitters,70925,1562
Schwaz,70926,14211
Schwendau,70927,1843
Stans,70928,2208
Steinberg am Rofan,70929,292
Strass im Zillertal,70930,853
Stumm,70931,1913
Stummerberg,70932,854
Terfens,70933,2292
Tux,70934,1943
Uderns,70935,1922
Vomp,70936,5417
Weer,70937,1765
Weerberg,70938,2508
Wiesing,70939,2171
Zell am Ziller,70940,1710
Zellberg,70941,660
Bartholomaeberg,80101,2386
Blons,80102,359
Bludenz,80103,15029
Bludesch,80104,2617
Brand,80105,788
Buers,80106,3418
Buerserberg,80107,574
Dalaas,80108,1607
Fontanella,80109,476
Gaschurn,80110,1558
Innerbraz,80111,1009
Kloesterle,80112,682
Lech,80113,1605
Loruens,80114,296
Ludesch,80115,3677
Nenzing,80116,6402
Nueziders,80117,4990
Raggal,80118,898
St. Anton im Montafon,80119,705
St. Gallenkirch,80120,2216
St. Gerold,80121,383
Schruns,80122,4027
Silbertal,80123,859
Sonntag,80124,636
Stallehr,80125,285
Thueringen,80126,2293
Thueringerberg,80127,721
Tschagguns,80128,2187
Vandans,80129,2773
Alberschwende,80201,3223
Andelsbuch,80202,2682
Au,80203,1833
Bezau,80204,2042
Bildstein,80205,814
Bizau,80206,1116
Bregenz,80207,29620
Buch,80208,599
Damuels,80209,351
Doren,80210,1057
Egg,80211,3684
Eichenberg,80212,422
Fussach,80213,3932
Gaissau,80214,1898
Hard,80215,13786
Hittisau,80216,2094
Hoechst,80217,8310
Hoerbranz,80218,6674
Hohenweiler,80219,1409
Kennelbach,80220,1842
Krumbach,80221,1094
Langen bei Bregenz,80222,1503
Langenegg,80223,1162
Lauterach,80224,10433
Lingenau,80225,1578
Lochau,80226,6530
Mellau,80227,1258
Mittelberg,80228,5127
Moeggers,80229,550
Reuthe,80230,693
Riefensberg,80231,1068
Schnepfau,80232,486
Schoppernau,80233,946
Schroecken,80234,213
Schwarzach,80235,3898
Schwarzenberg,80236,1847
Sibratsgfaell,80237,458
Sulzberg,80238,1836
Warth,80239,184
Wolfurt,80240,8765
Dornbirn,80301,51222
Hohenems,80302,17239
Lustenau,80303,23843
Altach,80401,6970
Duens,80402,432
Duenserberg,80403,154
Feldkirch,80404,35793
Frastanz,80405,6699
Fraxern,80406,726
Goefis,80407,3327
Goetzis,80408,12041
Klaus,80409,3073
Koblach,80410,4857
Laterns,80411,709
Maeder,80412,4183
Meiningen,80413,2424
Rankweil,80414,12150
Roens,80415,376
Roethis,80416,2200
Satteins,80417,2761
Schlins,80418,2568
Schnifis,80419,789
Sulz,80420,2640
uebersaxen,80421,635
Viktorsberg,80422,432
Weiler,80423,2304
Zwischenwasser,80424,3375
Wien - 1. Bezirk,90101,16620
Wien - 4. Bezirk,90401,33633
Wien - 7. Bezirk,90701,31581
Wien - 9. Bezirk,90901,42206
Wien - 2. Bezirk,90201,108269
Wien - 3. Bezirk,90301,96756
Wien - 6. Bezirk,90601,31423
Wien - 10. Bezirk,91001,218415
Wien - 5. Bezirk,90501,55018
Wien - 8. Bezirk,90801,24674
Wien - 11. Bezirk,91101,109038
Wien - 12. Bezirk,91201,100281
Wien - 13. Bezirk,91301,55568
Wien - 14. Bezirk,91401,96828
Wien - 15. Bezirk,91501,76109
Wien - 16. Bezirk,91601,102444
Wien - 17. Bezirk,91701,56033
Wien - 18. Bezirk,91801,51559
Wien - 19. Bezirk,91901,75517
Wien - 20. Bezirk,92001,85690
Wien - 21. Bezirk,92101,183895
Wien - 22. Bezirk,92201,212658
Wien - 23. Bezirk,92301,117882
,,0
,,0
,,0
,,0
,,0
,,0
,,0
,,0
,,0
,,0
,,0
,,0
,,0
,,0
,,0
,,0
,,0
,,0
,,0
,,0
,,0
,,0
,,0
,,0
,,0
,,0
,,0
,,0
,,0
,,0
,,0
,,0
,,0
,,0
,,0
,,0
,,0
,,0
,,0
,,0
,,0
,,0
,,0
,,0
,,0
,,0
,,0
,,0
,,0
,,0
,,0
,,0
,,0
,,0
,,0
,,0
,,0
,,0
,,0
,,0
,,0
,,0
,,0
,,0
,,0
,,0
,,0
,,0
,,0
,,0
,,0
,,0
,,0
,,0
,,0
,,0
,,0
,,0
,,0
,,0
,,0
,,0
,,0
,,0
,,0
,,0
,,0
,,0
,,0
,,0
,,0
,,0
,,0
,,0
,,0
,,0
,,0
,,0
,,0
,,0
,,0
,,0
,,0
,,0
,,0
,,0
,,0
,,0
,,0
,,0
,,0
,,0
,,0
,,0
,,0
,,0
,,0
,,0
,,0
,,0
,,0
,,0
,,0
,,0
,,0
,,0
,,0
,,0
,,0
,,0
,,0
,,0
,,0
,,0
,,0
,,0
,,0
,,0
,,0
,,0
,,0
,,0
,,0
,,0
,,0
,,0
,,0
,,0
,,0
,,0
,,0
,,0
,,0
,,0
,,0
,,0
,,0
,,0
,,0
,,0
,,0
,,0
,,0
,,0
,,0
,,0
,,0
,,0
,,0
,,0
,,0
,,0
,,0
,,0
,,0
,,0
,,0
,,0
,,0
,,0
,,0
,,0
,,0
,,0
,,0
,,0
,,0
,,0
,,0
,,0
,,0
,,0
,,0
,,0
,,0
,,0
,,0
,,0
,,0
,,0
,,0
,,0
,,0
,,0
,,0
,,0
,,0
,,0
,,0
,,0
,,0
,,0
,,0
,,0
,,0
,,0
,,0
,,0
,,0
,,0
,,0
,,0
,,0
,,0
,,0
,,0
,,0
,,0
,,0
,,0
,,0
,,0
,,0
,,0
,,0
,,0
,,0
,,0
,,0
,,0
,,0
,,0
,,0
,,0
,,0
,,0
,,0
,,0
,,0
,,0
,,0
,,0
,,0
,,0
,,0
,,0
,,0
,,0
,,0
,,0
,,0
,,0
,,0
,,0
,,0
,,0
,,0
,,0
,,0
,,0
,,0
,,0
,,0
,,0
,,0
,,0
,,0
,,0
,,0
,,0
,,0
,,0
,,0
,,0
,,0
,,0
,,0
,,0
,,0
,,0
,,0
,,0
,,0
,,0
,,0
,,0
,,0
,,0
,,0
,,0
,,0
,,0
,,0
,,0
,,0
,,0
,,0
,,0
,,0
,,0
,,0
,,0
,,0
,,0
,,0
,,0
,,0
,,0
,,0
,,0
,,0
,,0
,,0
,,0
,,0
,,0
,,0
,,0
,,0
,,0
,,0
,,0
,,0
,,0
,,0
,,0
,,0
,,0
,,0
,,0
,,0
,,0
,,0
,,0
,,0
,,0
,,0
,,0
,,0
,,0
,,0
,,0
,,0
,,0
,,0
,,0
,,0
,,0
,,0
,,0
,,0
,,0
,,0
,,0
,,0
,,0
,,0
,,0
,,0
,,0
,,0
,,0
,,0
,,0
,,0
,,0
,,0
,,0
,,0
,,0
,,0
,,0
,,0
,,0
,,0
,,0
,,0
,,0
,,0
,,0
,,0
,,0
,,0
,,0
,,0
,,0
,,0
,,0
,,0
,,0
,,0
,,0
,,0
,,0
,,0
,,0
,,0
,,0
,,0
,,0
,,0
,,0
,,0
,,0
,,0
,,0
,,0
,,0
,,0
,,0
,,0
,,0
,,0
,,0
,,0
,,0
,,0
,,0
,,0
,,0
,,0
,,0
,,0
,,0
,,0
,,0
,,0
,,0
,,0
,,0
,,0
,,0
,,0
,,0
,,0
,,0
,,0
,,0
,,0
,,0
,,0
,,0
,,0
,,0
,,0
,,0
,,0
,,0
,,0
,,0
,,0
,,0
,,0
,,0
,,0
,,0
,,0
,,0
,,0
,,0
,,0
,,0
,,0
,,0
,,0
,,0
,,0
,,0
,,0
,,0
,,0
,,0
,,0
,,0
,,0
,,0
,,0
,,0
,,0
,,0
,,0
,,0
,,0
,,0
,,0
,,0
,,0
,,0
,,0
,,0
,,0
,,0
,,0
,,0
,,0
,,0
,,0
,,0
,,0
,,0
,,0
,,0
,,0
,,0
,,0
,,0
,,0
,,0
,,0
,,0
,,0
,,0
,,0
,,0
,,0
,,0
,,0
,,0
,,0
,,0
,,0
,,0
,,0
,,0
,,0
,,0
,,0
,,0
,,0
,,0
,,0
,,0
,,0
,,0
,,0
,,0
,,0
,,0
,,0
,,0
,,0
,,0
,,0
,,0
,,0
,,0
,,0
,,0
,,0
,,0
,,0
,,0
,,0
,,0
,,0
,,0
,,0
,,0
,,0
,,0
,,0
,,0
,,0
,,0
,,0
,,0
,,0
,,0
,,0
,,0
,,0
,,0
,,0
,,0
,,0
,,0
,,0
,,0
,,0
,,0
,,0
,,0
,,0
,,0
,,0
,,0
,,0
,,0
,,0
,,0
,,0
,,0
,,0
,,0
,,0
,,0
,,0
,,0
,,0
,,0
,,0
,,0
,,0
,,0
,,0
,,0
,,0
,,0
,,0
,,0
,,0
,,0
,,0
,,0
,,0
,,0
,,0
,,0
,,0
,,0
,,0
,,0
,,0
,,0
,,0
,,0
,,0
,,0
,,0
,,0
,,0
,,0
,,0
,,0
,,0
,,0
,,0
,,0
,,0
,,0
,,0
,,0
,,0
,,0
,,0
,,0
,,0
,,0
,,0
,,0
,,0
,,0
,,0
,,0
,,0
,,0
,,0
